ful,ful,ful,fuh,fuh,fuh,fuh,fuh,fuh,fuh,fuh,fuh,fuh,fuh,ful,ful,ful
ful,ful,fuh,fuh,fuh,fuh,fuh,fuh,fuh,fuh,fuh,fuh,fuh,fuh,fuh,ful,ful
ful,fuh,fuh,fuh,fuh,p,fuh,fuh,p,fuh,fuh,p,fuh,fuh,fuh,fuh,ful
fuh,fuh,fuh,p,fuh,fuh,fuh,fuh,fuh,fuh,fuh,fuh,fuh,p,fuh,fuh,fuh
fuh,fuh,fuh,fuh,fuh,fuh,fuh,fuh,fuh,fuh,fuh,fuh,fuh,fuh,fuh,fuh,fuh
fuh,fuh,p,fuh,fuh,p,fuh,fuh,p,fuh,fuh,p,fuh,fuh,p,fuh,fuh
fuh,fuh,fuh,fuh,fuh,fuh,fuh,fuh,fuh,fuh,fuh,fuh,fuh,fuh,fuh,fuh,fuh
fuh,fuh,fuh,fuh,fuh,fuh,fuh,fuh,ful,fuh,fuh,fuh,fuh,fuh,fuh,fuh,fuh
fuh,fuh,p,fuh,fuh,p,fuh,ful,it,ful,fuh,p,fuh,fuh,p,fuh,fuh
fuh,fuh,fuh,fuh,fuh,fuh,fuh,fuh,ful,fuh,fuh,fuh,fuh,fuh,fuh,fuh,fuh
fuh,fuh,fuh,fuh,fuh,fuh,fuh,fuh,fuh,fuh,fuh,fuh,fuh,fuh,fuh,fuh,fuh
fuh,fuh,p,fuh,fuh,p,fuh,fuh,p,fuh,fuh,p,fuh,fuh,p,fuh,fuh
fuh,fuh,fuh,fuh,fuh,fuh,fuh,fuh,fuh,fuh,fuh,fuh,fuh,fuh,fuh,fuh,fuh
fuh,fuh,fuh,p,fuh,fuh,fuh,fuh,fuh,fuh,fuh,fuh,fuh,p,fuh,fuh,fuh
ful,fuh,fuh,fuh,fuh,p,fuh,fuh,p,fuh,fuh,p,fuh,fuh,fuh,fuh,ful
ful,ful,fuh,fuh,fuh,fuh,fuh,fuh,fuh,fuh,fuh,fuh,fuh,fuh,fuh,ful,ful
ful,ful,ful,fuh,fuh,fuh,fuh,fuh,fuh,fuh,fuh,fuh,fuh,fuh,ful,ful,ful
